{"title":"DrEye","format":3,"revision":"DrEye_2024-04-13", "sequenced":false, "description":"Original name: 譯典通英漢雙向字典. This seems to be one of the Dr.Eye Chinese-English dictionaries, a series of commercial dictionaries available in Taiwan. It comes with example sentences and their translations.", "authors":"The original authors created the content; lix from Refold ZH created the yomitan dicitonary; Michel converted it to simplified and added the description in this index" , "attribution":"Dr.Eye"}